firstName,lastName,dob,email,gender,address,city,state,zip,company,phoneNum,groupId,personalId,insurer,guarantor
Arthur,Black,3/20/1997,ablack0@t.co,Female,Male,Escondido,California,92030,Skaboo,1-(760)763-7559,018,2152,Arthur Black,Arthur Black
Philip,Gonzalez,3/8/1986,pgonzalez1@free.fr,Male,Male,San Diego,California,92170,Blogspan,1-(619)362-9524,7864,779,Philip Gonzalez,Philip Gonzalez
Marilyn,Black,1/27/2011,mblack2@example.com,Female,Female,Kansas City,Missouri,64109,Yombu,1-(816)842-0537,99579,4713,Marilyn Black,Marilyn Black
Annie,Franklin,10/23/2016,afranklin3@constantcontact.com,Female,Female,San Antonio,Texas,78265,Edgewire,1-(210)262-1668,80,7812,Annie Franklin,Annie Franklin
Rebecca,Lawrence,1/28/2005,rlawrence4@chronoengine.com,Female,Female,Roanoke,Virginia,24024,Photobug,1-(540)785-0484,319,83,Rebecca Lawrence,Rebecca Lawrence
Brandon,Ramirez,4/12/1987,bramirez5@scientificamerican.com,Female,Male,Augusta,Georgia,30911,Photobug,1-(706)212-0004,0,96,Brandon Ramirez,Brandon Ramirez
Virginia,Fernandez,12/2/2014,vfernandez6@engadget.com,Female,Female,Lubbock,Texas,79452,Jayo,1-(806)899-1046,81182,4,Virginia Fernandez,Virginia Fernandez
Gloria,Carter,8/24/1996,gcarter7@dyndns.org,Female,Female,White Plains,New York,10606,Rhybox,1-(845)302-8203,28423,7077,Gloria Carter,Gloria Carter
Jeremy,Riley,11/29/1995,jriley8@plala.or.jp,Male,Male,Ogden,Utah,84403,Quinu,1-(801)139-8434,5070,0149,Jeremy Riley,Jeremy Riley
Julie,Ramos,5/27/2011,jramos9@umich.edu,Male,Female,Salt Lake City,Utah,84130,Twimbo,1-(801)573-6748,4362,18734,Julie Ramos,Julie Ramos
Ralph,Gibson,6/30/2007,rgibsona@samsung.com,Male,Male,Charlotte,North Carolina,28278,Bubbletube,1-(704)430-5076,250,97321,Ralph Gibson,Ralph Gibson
Maria,Austin,11/28/1988,maustinb@china.com.cn,Female,Female,Pittsburgh,Pennsylvania,15240,Yambee,1-(412)793-8748,493,93,Maria Austin,Maria Austin
Stephanie,Meyer,3/8/2013,smeyerc@reverbnation.com,Male,Female,Orlando,Florida,32830,Realcube,1-(407)914-4609,3177,5590,Stephanie Meyer,Stephanie Meyer
Clarence,Kim,7/2/2011,ckimd@mashable.com,Female,Male,Winston Salem,North Carolina,27157,LiveZ,1-(336)684-7938,440,20248,Clarence Kim,Clarence Kim
Jerry,Marshall,12/23/1986,jmarshalle@unblog.fr,Female,Male,Springfield,Illinois,62711,Kare,1-(217)105-6216,73,75930,Jerry Marshall,Jerry Marshall
Roger,Morgan,12/9/1989,rmorganf@gnu.org,Female,Male,Roanoke,Virginia,24020,Buzzdog,1-(540)819-6527,15,50,Roger Morgan,Roger Morgan
Laura,Perez,8/7/1983,lperezg@ucoz.ru,Male,Female,Minneapolis,Minnesota,55446,Browsetype,1-(952)905-8529,1,2357,Laura Perez,Laura Perez
Mary,Davis,7/17/1997,mdavish@typepad.com,Female,Female,College Station,Texas,77844,Wikizz,1-(979)454-0806,76,0079,Mary Davis,Mary Davis
Janice,Brooks,5/18/1990,jbrooksi@acquirethisname.com,Female,Female,Charleston,South Carolina,29416,Skalith,1-(843)434-8050,2065,6918,Janice Brooks,Janice Brooks
Donald,Bradley,1/19/1982,dbradleyj@nydailynews.com,Female,Male,Birmingham,Alabama,35263,Aivee,1-(205)198-4643,4323,2883,Donald Bradley,Donald Bradley
Charles,Spencer,5/6/1987,cspencerk@angelfire.com,Male,Male,Chicago,Illinois,60663,Blogpad,1-(312)224-1953,4,73,Charles Spencer,Charles Spencer
Raymond,Oliver,4/25/1988,roliverl@usgs.gov,Female,Male,Chico,California,95973,Innojam,1-(916)316-2252,793,4949,Raymond Oliver,Raymond Oliver
Stephanie,Myers,1/8/1985,smyersm@aol.com,Female,Female,Dayton,Ohio,45419,Gabtype,1-(513)972-7624,99302,57398,Stephanie Myers,Stephanie Myers
Rachel,King,6/7/2016,rkingn@cornell.edu,Male,Female,Las Vegas,Nevada,89130,Twitterbridge,1-(702)543-0887,65622,6767,Rachel King,Rachel King
Justin,Nguyen,2/19/2015,jnguyeno@washington.edu,Female,Male,Gastonia,North Carolina,28055,Kamba,1-(704)418-4328,82,2,Justin Nguyen,Justin Nguyen
Katherine,Hart,4/21/1981,khartp@dedecms.com,Female,Female,Fort Pierce,Florida,34981,Topicshots,1-(772)196-6618,84555,837,Katherine Hart,Katherine Hart
William,Smith,8/3/1987,wsmithq@1und1.de,Male,Male,El Paso,Texas,79940,Quinu,1-(915)964-9773,8144,95288,William Smith,William Smith
Shirley,Watson,3/26/1992,swatsonr@1688.com,Female,Female,Paterson,New Jersey,07522,Voomm,1-(201)366-3800,23,61,Shirley Watson,Shirley Watson
Theresa,Adams,6/15/1982,tadamss@indiegogo.com,Male,Female,Ventura,California,93005,Photobug,1-(805)502-3591,0,44558,Theresa Adams,Theresa Adams
Cheryl,Ford,7/26/2014,cfordt@ihg.com,Male,Female,Jamaica,New York,11407,Browsecat,1-(516)221-5522,762,361,Cheryl Ford,Cheryl Ford
Emily,Hawkins,3/3/2016,ehawkinsu@nih.gov,Male,Female,Washington,District of Columbia,20370,Zooxo,1-(202)663-3963,8,32269,Emily Hawkins,Emily Hawkins
Maria,Thompson,2/27/2003,mthompsonv@ucoz.ru,Male,Female,Bridgeport,Connecticut,06673,Devshare,1-(203)490-3501,4073,01555,Maria Thompson,Maria Thompson
Albert,Mason,4/30/2000,amasonw@hc360.com,Male,Male,Bradenton,Florida,34282,Jamia,1-(941)236-7083,31916,661,Albert Mason,Albert Mason
Amy,Stanley,4/16/1990,astanleyx@indiatimes.com,Female,Female,Fort Worth,Texas,76162,Vidoo,1-(682)865-8669,893,0,Amy Stanley,Amy Stanley
Jerry,Sullivan,4/25/1986,jsullivany@europa.eu,Male,Male,Indianapolis,Indiana,46239,Roombo,1-(317)144-1408,6,83,Jerry Sullivan,Jerry Sullivan
Jack,Ryan,10/29/1995,jryanz@a8.net,Female,Male,Houston,Texas,77080,Quinu,1-(713)432-1694,35323,58364,Jack Ryan,Jack Ryan
Jeffrey,Rivera,10/20/2010,jrivera10@bloomberg.com,Male,Male,West Palm Beach,Florida,33416,Innotype,1-(561)284-4187,9144,883,Jeffrey Rivera,Jeffrey Rivera
Gloria,Peters,5/29/1990,gpeters11@meetup.com,Male,Female,Jackson,Mississippi,39204,Topdrive,1-(601)982-9320,9988,212,Gloria Peters,Gloria Peters
Jonathan,Griffin,2/2/1990,jgriffin12@google.nl,Male,Male,Flint,Michigan,48555,Jaxnation,1-(810)519-4513,202,3082,Jonathan Griffin,Jonathan Griffin
Joyce,Perry,4/11/1992,jperry13@senate.gov,Female,Female,Pensacola,Florida,32526,Bluejam,1-(850)963-0949,87,67,Joyce Perry,Joyce Perry
Julia,Cooper,2/12/1992,jcooper14@abc.net.au,Female,Female,Bakersfield,California,93399,Camimbo,1-(661)999-7863,27633,665,Julia Cooper,Julia Cooper
Jessica,Tucker,11/3/1985,jtucker15@blog.com,Male,Female,Sioux Falls,South Dakota,57198,Quatz,1-(605)660-5697,3793,20751,Jessica Tucker,Jessica Tucker
Beverly,Hart,8/12/1994,bhart16@arstechnica.com,Female,Female,North Port,Florida,34290,Meemm,1-(941)590-1522,346,3,Beverly Hart,Beverly Hart
Diana,Cox,1/2/1988,dcox17@a8.net,Male,Female,Austin,Texas,78703,Gigabox,1-(512)680-8696,03894,2,Diana Cox,Diana Cox
Arthur,Kim,12/26/1984,akim18@meetup.com,Male,Male,Washington,District of Columbia,20551,Thoughtblab,1-(202)793-5774,11,373,Arthur Kim,Arthur Kim
Susan,Richardson,11/12/1998,srichardson19@nba.com,Female,Female,Chico,California,95973,Abata,1-(916)892-5091,89,6977,Susan Richardson,Susan Richardson
Theresa,Stanley,2/20/1996,tstanley1a@facebook.com,Female,Female,Saint Paul,Minnesota,55172,Twinder,1-(651)134-7137,3689,3,Theresa Stanley,Theresa Stanley
Theresa,Spencer,8/11/1995,tspencer1b@ibm.com,Male,Female,Yonkers,New York,10705,Zoombox,1-(914)727-6790,1421,30151,Theresa Spencer,Theresa Spencer
Charles,Hanson,5/16/2010,chanson1c@kickstarter.com,Female,Male,San Francisco,California,94105,Photobug,1-(310)743-6298,3,868,Charles Hanson,Charles Hanson
Randy,Andrews,5/21/1999,randrews1d@cam.ac.uk,Female,Male,Fort Myers,Florida,33906,Twitterwire,1-(239)635-3656,51905,24059,Randy Andrews,Randy Andrews
Kathy,Perry,4/27/1982,kperry1e@omniture.com,Female,Female,Dallas,Texas,75241,Voomm,1-(214)344-0876,7390,281,Kathy Perry,Kathy Perry
Susan,Hernandez,3/10/1983,shernandez1f@theguardian.com,Female,Female,Louisville,Kentucky,40215,Blogtags,1-(502)225-3683,5,282,Susan Hernandez,Susan Hernandez
Carol,Wilson,1/13/2013,cwilson1g@china.com.cn,Female,Female,Minneapolis,Minnesota,55487,Roomm,1-(612)831-3922,0232,09,Carol Wilson,Carol Wilson
Sarah,Rice,8/10/1996,srice1h@wordpress.org,Female,Female,Pittsburgh,Pennsylvania,15210,Edgewire,1-(724)542-9611,26712,58,Sarah Rice,Sarah Rice
Frank,Hall,8/8/1991,fhall1i@qq.com,Female,Male,Huntington,West Virginia,25770,Devcast,1-(304)980-9421,878,18,Frank Hall,Frank Hall
Anthony,Crawford,1/19/2006,acrawford1j@51.la,Male,Male,Flushing,New York,11388,Realfire,1-(347)979-9846,74404,6,Anthony Crawford,Anthony Crawford
Arthur,Ward,11/10/1981,award1k@cdbaby.com,Male,Male,Phoenix,Arizona,85025,Youbridge,1-(602)521-9095,6,9211,Arthur Ward,Arthur Ward
Rachel,Oliver,3/14/1985,roliver1l@howstuffworks.com,Female,Female,Washington,District of Columbia,20503,Podcat,1-(202)494-3242,2800,590,Rachel Oliver,Rachel Oliver
Brian,Mason,3/23/1988,bmason1m@yellowbook.com,Male,Male,Seattle,Washington,98109,Ainyx,1-(206)778-5406,57,9843,Brian Mason,Brian Mason
Lawrence,Freeman,3/23/1988,lfreeman1n@photobucket.com,Female,Male,Sarasota,Florida,34238,Wordpedia,1-(941)413-0666,396,816,Lawrence Freeman,Lawrence Freeman
Chris,Murray,10/14/1990,cmurray1o@utexas.edu,Female,Male,Pittsburgh,Pennsylvania,15286,Topicblab,1-(412)738-0920,815,2462,Chris Murray,Chris Murray
Nancy,Baker,1/23/1982,nbaker1p@icio.us,Male,Female,Baltimore,Maryland,21282,Eabox,1-(410)426-6327,97855,253,Nancy Baker,Nancy Baker
Sharon,Evans,5/7/1996,sevans1q@aboutads.info,Male,Female,Springfield,Illinois,62711,Meembee,1-(217)484-4599,09,36,Sharon Evans,Sharon Evans
Jerry,Robertson,12/3/2014,jrobertson1r@mozilla.org,Male,Male,Mobile,Alabama,36670,Mymm,1-(251)749-6784,0462,31283,Jerry Robertson,Jerry Robertson
Martha,Nichols,2/2/1994,mnichols1s@auda.org.au,Female,Female,Tallahassee,Florida,32304,Livefish,1-(850)108-9582,1858,106,Martha Nichols,Martha Nichols
Shirley,Ross,2/16/1988,sross1t@icq.com,Female,Female,Kissimmee,Florida,34745,Flipopia,1-(407)827-6213,75,99,Shirley Ross,Shirley Ross
Donald,Morrison,9/7/2000,dmorrison1u@plala.or.jp,Male,Male,Lakeland,Florida,33805,Yoveo,1-(863)787-8359,14933,1957,Donald Morrison,Donald Morrison
Janet,Stanley,2/26/2015,jstanley1v@altervista.org,Male,Female,Fort Worth,Texas,76129,Thoughtsphere,1-(817)335-6008,72257,69182,Janet Stanley,Janet Stanley
Benjamin,Greene,3/2/1994,bgreene1w@hostgator.com,Female,Male,Salt Lake City,Utah,84145,Livefish,1-(801)278-9350,3,084,Benjamin Greene,Benjamin Greene
Roy,Burke,8/19/1994,rburke1x@soup.io,Female,Male,Richmond,Virginia,23213,Yozio,1-(804)633-2034,56,1232,Roy Burke,Roy Burke
Johnny,Ortiz,3/27/2011,jortiz1y@gnu.org,Male,Male,Lansing,Michigan,48912,Camido,1-(517)920-8635,495,139,Johnny Ortiz,Johnny Ortiz
Chris,George,7/28/1998,cgeorge1z@vinaora.com,Male,Male,Des Moines,Iowa,50936,Brightbean,1-(515)546-8345,233,18,Chris George,Chris George
Virginia,Morrison,7/19/2002,vmorrison20@jigsy.com,Female,Female,Louisville,Kentucky,40293,Dynabox,1-(502)287-8442,76,8,Virginia Morrison,Virginia Morrison
Larry,Brooks,2/23/1987,lbrooks21@netscape.com,Male,Male,Pittsburgh,Pennsylvania,15205,Wordify,1-(412)651-2048,46,23,Larry Brooks,Larry Brooks
Gerald,Chapman,9/15/2001,gchapman22@telegraph.co.uk,Male,Male,Pittsburgh,Pennsylvania,15261,Thoughtstorm,1-(412)591-0388,168,552,Gerald Chapman,Gerald Chapman
Ryan,Richardson,3/26/2015,rrichardson23@ox.ac.uk,Female,Male,Glendale,Arizona,85305,Einti,1-(623)407-2879,986,0,Ryan Richardson,Ryan Richardson
Earl,Walker,8/4/1986,ewalker24@google.fr,Male,Male,San Antonio,Texas,78260,Thoughtblab,1-(210)661-6305,9,1,Earl Walker,Earl Walker
Susan,Gardner,8/17/1995,sgardner25@xrea.com,Male,Female,Springfield,Illinois,62711,Demizz,1-(217)949-5813,46,3,Susan Gardner,Susan Gardner
Jane,Price,7/19/2011,jprice26@google.com,Male,Female,Kansas City,Missouri,64109,Ooba,1-(816)962-0450,1,2789,Jane Price,Jane Price
Justin,Olson,9/11/2011,jolson27@sakura.ne.jp,Female,Male,Dallas,Texas,75387,Buzzbean,1-(214)853-3168,004,08366,Justin Olson,Justin Olson
Jonathan,Hayes,11/10/2012,jhayes28@stanford.edu,Female,Male,San Jose,California,95150,Brainsphere,1-(408)837-9357,862,07928,Jonathan Hayes,Jonathan Hayes
Roy,Ruiz,10/31/2009,rruiz29@ehow.com,Female,Male,Philadelphia,Pennsylvania,19196,Youspan,1-(215)643-0546,696,9886,Roy Ruiz,Roy Ruiz
Ernest,Hughes,1/12/2000,ehughes2a@java.com,Male,Male,Pasadena,California,91199,Zoovu,1-(626)853-6839,661,667,Ernest Hughes,Ernest Hughes
Carolyn,Robinson,8/27/2006,crobinson2b@biglobe.ne.jp,Male,Female,Kansas City,Missouri,64136,Twitterbridge,1-(816)741-9487,957,09849,Carolyn Robinson,Carolyn Robinson
Ernest,Austin,10/2/1988,eaustin2c@sogou.com,Male,Male,Houston,Texas,77095,Bubblemix,1-(713)208-3360,91270,41146,Ernest Austin,Ernest Austin
Bobby,Wood,4/10/2011,bwood2d@nasa.gov,Female,Male,Raleigh,North Carolina,27690,Twitterbeat,1-(919)701-7717,3,1,Bobby Wood,Bobby Wood
Jacqueline,Wagner,8/4/1985,jwagner2e@bloglines.com,Male,Female,Chattanooga,Tennessee,37416,Demivee,1-(423)183-9476,50677,580,Jacqueline Wagner,Jacqueline Wagner
Phyllis,Lane,5/10/1996,plane2f@dell.com,Female,Female,Duluth,Minnesota,55811,Flipstorm,1-(218)680-3874,1,17,Phyllis Lane,Phyllis Lane
Barbara,Bryant,9/19/2013,bbryant2g@bloglines.com,Male,Female,Boston,Massachusetts,02208,Mynte,1-(617)632-6301,37436,461,Barbara Bryant,Barbara Bryant
Brenda,Williams,9/15/1997,bwilliams2h@i2i.jp,Female,Female,Springfield,Illinois,62705,Zoomzone,1-(217)286-2725,89806,9,Brenda Williams,Brenda Williams
Evelyn,Sanchez,8/30/2011,esanchez2i@hp.com,Female,Female,Oklahoma City,Oklahoma,73167,Eazzy,1-(405)804-8055,4418,2,Evelyn Sanchez,Evelyn Sanchez
Ronald,Nichols,9/28/1987,rnichols2j@independent.co.uk,Female,Male,Anaheim,California,92805,Brainsphere,1-(310)700-1467,4,606,Ronald Nichols,Ronald Nichols
Theresa,Cook,2/14/2009,tcook2k@princeton.edu,Male,Female,New Haven,Connecticut,06510,Wikizz,1-(203)475-7195,0,170,Theresa Cook,Theresa Cook
Carolyn,Harris,6/16/1984,charris2l@g.co,Female,Female,Mobile,Alabama,36622,Riffwire,1-(251)615-6841,30,955,Carolyn Harris,Carolyn Harris
Laura,Brooks,5/24/2015,lbrooks2m@ox.ac.uk,Male,Female,Petaluma,California,94975,Skimia,1-(707)841-7127,06,05322,Laura Brooks,Laura Brooks
Anne,Carpenter,1/11/2009,acarpenter2n@bigcartel.com,Female,Female,Vancouver,Washington,98682,Browsedrive,1-(360)646-9918,6,8,Anne Carpenter,Anne Carpenter
Ann,Fisher,7/28/1984,afisher2o@japanpost.jp,Male,Female,Kansas City,Kansas,66105,Tanoodle,1-(913)360-7412,08,8,Ann Fisher,Ann Fisher
Elizabeth,Cunningham,11/14/1988,ecunningham2p@drupal.org,Male,Female,Largo,Florida,34643,Twinte,1-(727)305-4579,615,83179,Elizabeth Cunningham,Elizabeth Cunningham
Betty,Smith,12/15/2009,bsmith2q@nih.gov,Female,Female,El Paso,Texas,79916,Vinte,1-(915)916-5014,103,7,Betty Smith,Betty Smith
Walter,Dean,4/1/1991,wdean2r@dagondesign.com,Male,Male,San Antonio,Texas,78210,Jaloo,1-(210)757-1335,1,95,Walter Dean,Walter Dean
